{
  "weapon": {
    "name": "Primary Weapon",
    "icon": "🔫",
    "description": "Main offensive armament"
  },
  "secondary": {
    "name": "Secondary Weapon",
    "icon": "🚀",
    "description": "Support weapon system"
  },
  "shield": {
    "name": "Shield Generator",
    "icon": "🛡️",
    "description": "Defensive barrier system"
  },
  "engine": {
    "name": "Engine",
    "icon": "⚡",
    "description": "Propulsion and mobility"
  },
  "reactor": {
    "name": "Reactor Core",
    "icon": "☢️",
    "description": "Power generation"
  },
  "module1": {
    "name": "Module Slot 1",
    "icon": "🔧",
    "description": "Enhancement module"
  },
  "module2": {
    "name": "Module Slot 2",
    "icon": "🔩",
    "description": "Enhancement module"
  },
  "module3": {
    "name": "Module Slot 3",
    "icon": "⚙️",
    "description": "Enhancement module"
  },
  "drone": {
    "name": "Drone Bay",
    "icon": "🤖",
    "description": "Companion drone"
  }
}
